"Abbot";"M"
"Abdul";"M"
"Abel";"M"
"Abigail";"F"
"Abra";"F"
"Abraham";"M"
"Acton";"M"
"Adam";"M"
"Adara";"F"
"Addison";"M"
"Adele";"F"
"Adena";"F"
"Adria";"F"
"Adrian";"M"
"Adrienne";"F"
"Ahmed";"M"
"Aidan";"M"
"Aiko";"F"
"Aileen";"F"
"Aimee";"F"
"Ainsley";"F"
"Akeem";"M"
"Aladdin";"M"
"Alan";"M"
"Alana";"F"
"Alden";"M"
"Alea";"F"
"Alec";"M"
"Alexa";"F"
"Alexander";"M"
"Alexandra";"F"
"Alexis";"F"
"Alfonso";"M"
"Alfreda";"F"
"Ali";"M"
"Alice";"F"
"Alika";"F"
"Aline";"F"
"Alisa";"F"
"Allegra";"F"
"Allen";"M"
"Allistair";"M"
"Alma";"F"
"Althea";"F"
"Alvin";"M"
"Alyssa";"F"
"Amal";"M"
"Amanda";"F"
"Amaya";"F"
"Amber";"F"
"Amela";"F"
"Amelia";"F"
"Amena";"F"
"Amery";"M"
"Amethyst";"F"
"Amir";"M"
"Amity";"F"
"Amos";"M"
"Amy";"F"
"Anastasia";"F"
"Andrew";"M"
"Angela";"F"
"Angelica";"F"
"Anika";"F"
"Anjolie";"F"
"Ann";"F"
"Anne";"F"
"Anthony";"M"
"Aphrodite";"F"
"April";"F"
"Aquila";"M"
"Arden";"M"
"Aretha";"F"
"Ariana";"F"
"Ariel";"F"
"Aristotle";"M"
"Armand";"M"
"Armando";"M"
"Arsenio";"M"
"Arthur";"M"
"Ashely";"F"
"Asher";"M"
"Ashton";"M"
"Aspen";"F"
"Astra";"F"
"Athena";"F"
"Aubrey";"B"
"Audra";"F"
"Audrey";"F"
"August";"M"
"Aurelia";"F"
"Aurora";"F"
"Austin";"M"
"Autumn";"F"
"Ava";"F"
"Avram";"M"
"Avye";"F"
"Axel";"M"
"Ayanna";"F"
"Azalia";"F"
"Baker";"M"
"Barbara";"F"
"Barclay";"M"
"Barrett";"M"
"Barry";"M"
"Basia";"F"
"Basil";"M"
"Baxter";"M"
"Beatrice";"F"
"Beau";"M"
"Beck";"M"
"Bell";"F"
"Belle";"F"
"Benedict";"M"
"Benjamin";"M"
"Berk";"M"
"Bernard";"M"
"Bert";"M"
"Bertha";"F"
"Bethany";"F"
"Beverly";"F"
"Bevis";"M"
"Bianca";"F"
"Blaine";"B"
"Blair";"B"
"Blake";"M"
"Blaze";"M"
"Blossom";"F"
"Blythe";"F"
"Bo";"F"
"Boris";"M"
"Bradley";"M"
"Brady";"M"
"Branden";"M"
"Brandon";"M"
"Breanna";"F"
"Bree";"F"
"Brenda";"F"
"Brendan";"M"
"Brenden";"M"
"Brenna";"F"
"Brennan";"M"
"Brent";"M"
"Brett";"M"
"Brian";"M"
"Brianna";"F"
"Briar";"F"
"Brielle";"F"
"Britanney";"F"
"Britanni";"F"
"Brittany";"F"
"Brock";"M"
"Brody";"M"
"Brooke";"F"
"Bruce";"M"
"Bruno";"M"
"Bryar";"F"
"Brynn";"F"
"Brynne";"F"
"Buckminster";"M"
"Buffy";"F"
"Burke";"M"
"Burton";"M"
"Byron";"M"
"Cade";"M"
"Cadman";"M"
"Caesar";"M"
"Cailin";"F"
"Cain";"M"
"Cairo";"M"
"Caldwell";"M"
"Caleb";"M"
"Calista";"F"
"Callie";"F"
"Callum";"M"
"Cally";"F"
"Calvin";"M"
"Camden";"M"
"Cameran";"F"
"Cameron";"F"
"Cameron";"M"
"Camilla";"F"
"Camille";"F"
"Candace";"F"
"Candice";"F"
"Cara";"F"
"Carissa";"F"
"Carl";"M"
"Carla";"F"
"Carlos";"M"
"Carly";"F"
"Carol";"F"
"Carolyn";"F"
"Carson";"M"
"Carter";"M"
"Caryn";"F"
"Casey";"B"
"Cassady";"F"
"Cassandra";"F"
"Cassidy";"F"
"Castor";"M"
"Catherine";"F"
"Cathleen";"F"
"Cecilia";"F"
"Cedric";"M"
"Celeste";"F"
"Chadwick";"M"
"Chaim";"M"
"Chancellor";"M"
"Chanda";"F"
"Chandler";"M"
"Chaney";"M"
"Channing";"M"
"Chantale";"F"
"Charde";"F"
"Charissa";"F"
"Charity";"F"
"Charles";"M"
"Charlotte";"F"
"Chase";"M"
"Chastity";"F"
"Chava";"F"
"Chelsea";"F"
"Cherokee";"F"
"Cheryl";"F"
"Chester";"M"
"Cheyenne";"F"
"Chiquita";"F"
"Chloe";"F"
"Christen";"F"
"Christian";"M"
"Christine";"F"
"Christopher";"M"
"Ciara";"F"
"Ciaran";"M"
"Claire";"F"
"Clare";"F"
"Clark";"M"
"Clarke";"M"
"Claudia";"F"
"Clayton";"M"
"Clementine";"F"
"Cleo";"F"
"Clinton";"M"
"Clio";"F"
"Coby";"M"
"Cody";"M"
"Colby";"M"
"Cole";"M"
"Colette";"F"
"Colin";"M"
"Colleen";"F"
"Colorado";"M"
"Colt";"M"
"Colton";"M"
"Conan";"M"
"Connor";"M"
"Constance";"F"
"Cooper";"M"
"Cora";"F"
"Courtney";"F"
"Craig";"M"
"Cruz";"M"
"Cullen";"M"
"Curran";"M"
"Cynthia";"F"
"Cyrus";"M"
"Dacey";"F"
"Dahlia";"F"
"Dai";"F"
"Dakota";"B"
"Dale";"M"
"Dalton";"M"
"Damian";"M"
"Damon";"M"
"Dana";"F"
"Dane";"M"
"Daniel";"M"
"Danielle";"F"
"Dante";"M"
"Daphne";"F"
"Daquan";"M"
"Dara";"F"
"Daria";"F"
"Darius";"M"
"Darrel";"F"
"Darryl";"F"
"Daryl";"F"
"David";"M"
"Davis";"M"
"Dawn";"F"
"Deacon";"M"
"Dean";"M"
"Deanna";"F"
"Deborah";"F"
"Debra";"F"
"Declan";"M"
"Deirdre";"F"
"Delilah";"F"
"Demetria";"F"
"Demetrius";"M"
"Denise";"F"
"Dennis";"M"
"Denton";"M"
"Derek";"M"
"Desirae";"F"
"Desiree";"F"
"Destiny";"F"
"Devin";"M"
"Dexter";"M"
"Diana";"F"
"Dieter";"M"
"Dillon";"M"
"Dolan";"M"
"Dominic";"M"
"Dominique";"F"
"Donna";"F"
"Donovan";"M"
"Dora";"F"
"Dorian";"M"
"Doris";"F"
"Dorothy";"F"
"Drake";"M"
"Drew";"M"
"Driscoll";"M"
"Duncan";"M"
"Dustin";"M"
"Dylan";"M"
"Eagan";"M"
"Eaton";"M"
"Ebony";"F"
"Echo";"F"
"Edan";"M"
"Eden";"B"
"Edward";"M"
"Elaine";"F"
"Eleanor";"F"
"Eliana";"F"
"Elijah";"M"
"Elizabeth";"F"
"Ella";"F"
"Elliott";"M"
"Elmo";"M"
"Elton";"M"
"Elvis";"M"
"Emerald";"F"
"Emerson";"M"
"Emery";"M"
"Emi";"F"
"Emily";"F"
"Emma";"F"
"Emmanuel";"M"
"Erasmus";"M"
"Eric";"M"
"Erica";"F"
"Erich";"M"
"Erin";"F"
"Ethan";"M"
"Eugenia";"F"
"Evan";"M"
"Evangeline";"F"
"Eve";"F"
"Evelyn";"F"
"Ezekiel";"M"
"Ezra";"M"
"Faith";"F"
"Fallon";"F"
"Farrah";"F"
"Fatima";"F"
"Fay";"F"
"Felicia";"F"
"Felix";"M"
"Ferdinand";"M"
"Ferris";"M"
"Finn";"M"
"Fiona";"F"
"Fitzgerald";"M"
"Flavia";"F"
"Fletcher";"M"
"Fleur";"F"
"Florence";"F"
"Flynn";"M"
"Forrest";"M"
"Frances";"F"
"Francesca";"F"
"Francis";"M"
"Fredericka";"F"
"Freya";"F"
"Fritz";"M"
"Fuller";"M"
"Fulton";"M"
"Gabriel";"M"
"Gage";"M"
"Gail";"F"
"Galena";"F"
"Galvin";"M"
"Gannon";"M"
"Gareth";"M"
"Garrett";"M"
"Garrison";"M"
"Garth";"M"
"Gary";"M"
"Gavin";"M"
"Gay";"F"
"Gemma";"F"
"Genevieve";"F"
"Geoffrey";"M"
"George";"M"
"Georgia";"F"
"Geraldine";"F"
"Germaine";"F"
"Germane";"F"
"Giacomo";"M"
"Gil";"M"
"Gillian";"F"
"Ginger";"F"
"Gisela";"F"
"Giselle";"F"
"Glenna";"F"
"Gloria";"F"
"Grace";"F"
"Grady";"M"
"Graham";"M"
"Graiden";"M"
"Grant";"M"
"Gray";"M"
"Gregory";"M"
"Gretchen";"F"
"Griffin";"M"
"Griffith";"M"
"Guinevere";"F"
"Guy";"M"
"Gwendolyn";"F"
"Hadassah";"F"
"Hadley";"F"
"Hakeem";"M"
"Halee";"F"
"Haley";"F"
"Hall";"M"
"Halla";"F"
"Hamilton";"M"
"Hamish";"M"
"Hammett";"M"
"Hanae";"F"
"Hanna";"F"
"Hannah";"F"
"Harding";"M"
"Harlan";"M"
"Harper";"M"
"Harriet";"F"
"Harrison";"M"
"Hasad";"M"
"Hashim";"M"
"Haviva";"F"
"Hayden";"M"
"Hayes";"M"
"Hayfa";"F"
"Hayley";"F"
"Heather";"F"
"Hector";"M"
"Hedda";"F"
"Hedley";"M"
"Hedwig";"F"
"Hedy";"F"
"Heidi";"F"
"Helen";"F"
"Henry";"M"
"Herman";"M"
"Hermione";"F"
"Herrod";"M"
"Hilary";"F"
"Hilda";"F"
"Hilel";"M"
"Hillary";"F"
"Hiram";"M"
"Hiroko";"F"
"Hollee";"F"
"Holly";"F"
"Holmes";"M"
"Honorato";"M"
"Hop";"M"
"Hope";"F"
"Howard";"M"
"Hoyt";"M"
"Hu";"M"
"Hunter";"M"
"Hyacinth";"F"
"Hyatt";"M"
"Ian";"M"
"Idola";"F"
"Idona";"F"
"Ifeoma";"F"
"Ignacia";"F"
"Ignatius";"M"
"Igor";"M"
"Ila";"F"
"Iliana";"F"
"Illana";"F"
"Illiana";"F"
"Ima";"F"
"Imani";"F"
"Imelda";"F"
"Imogene";"F"
"Ina";"F"
"India";"F"
"Indigo";"F"
"Indira";"F"
"Inez";"F"
"Inga";"F"
"Ingrid";"F"
"Iola";"F"
"Iona";"F"
"Ira";"M"
"Irene";"F"
"Iris";"F"
"Irma";"F"
"Isaac";"M"
"Isabella";"F"
"Isabelle";"F"
"Isadora";"F"
"Isaiah";"M"
"Ishmael";"M"
"Ivan";"M"
"Ivana";"F"
"Ivor";"M"
"Ivory";"F"
"Ivy";"F"
"Jack";"M"
"Jackson";"M"
"Jacob";"M"
"Jada";"F"
"Jade";"F"
"Jaden";"F"
"Jael";"F"
"Jaime";"F"
"Jakeem";"M"
"Jamal";"M"
"Jamalia";"F"
"James";"M"
"Jameson";"M"
"Jana";"F"
"Jane";"F"
"Janna";"F"
"Jaquelyn";"F"
"Jared";"M"
"Jarrod";"M"
"Jasmine";"F"
"Jason";"M"
"Jasper";"M"
"Jayme";"F"
"Jeanette";"F"
"Jelani";"M"
"Jemima";"F"
"Jena";"F"
"Jenette";"F"
"Jenna";"F"
"Jennifer";"F"
"Jeremy";"M"
"Jermaine";"M"
"Jerome";"M"
"Jerry";"M"
"Jescie";"F"
"Jessamine";"F"
"Jesse";"M"
"Jessica";"F"
"Jillian";"F"
"Jin";"M"
"Joan";"F"
"Jocelyn";"F"
"Joel";"M"
"Joelle";"F"
"John";"M"
"Jolene";"F"
"Jolie";"F"
"Jonah";"M"
"Jonas";"M"
"Jordan";"F"
"Jordan";"M"
"Jorden";"F"
"Joseph";"M"
"Josephine";"F"
"Joshua";"M"
"Josiah";"M"
"Joy";"F"
"Judah";"M"
"Judith";"F"
"Julian";"M"
"Julie";"F"
"Juliet";"F"
"Justin";"M"
"Justina";"F"
"Justine";"F"
"Kadeem";"M"
"Kaden";"B"
"Kai";"F"
"Kaitlin";"F"
"Kalia";"F"
"Kamal";"M"
"Kameko";"F"
"Kane";"M"
"Kareem";"M"
"Karen";"F"
"Karina";"F"
"Karleigh";"F"
"Karly";"F"
"Karyn";"F"
"Kaseem";"M"
"Kasimir";"M"
"Kasper";"M"
"Katell";"F"
"Katelyn";"F"
"Kathleen";"F"
"Kato";"M"
"Kay";"F"
"Kaye";"F"
"Keane";"M"
"Keaton";"M"
"Keefe";"M"
"Keegan";"M"
"Keelie";"F"
"Keely";"F"
"Keiko";"F"
"Keith";"M"
"Kellie";"F"
"Kelly";"F"
"Kelly";"M"
"Kelsey";"F"
"Kelsie";"F"
"Kendall";"B"
"Kennan";"M"
"Kennedy";"M"
"Kenneth";"M"
"Kenyon";"M"
"Kermit";"M"
"Kerry";"F"
"Kessie";"F"
"Kevin";"M"
"Kevyn";"F"
"Kiara";"F"
"Kiayada";"F"
"Kibo";"M"
"Kieran";"M"
"Kim";"F"
"Kimberley";"F"
"Kimberly";"F"
"Kiona";"F"
"Kirby";"F"
"Kirestin";"F"
"Kirk";"M"
"Kirsten";"F"
"Kitra";"F"
"Knox";"M"
"Kristen";"F"
"Kuame";"M"
"Kyla";"F"
"Kylan";"F"
"Kyle";"M"
"Kylee";"F"
"Kylie";"F"
"Kylynn";"F"
"Kyra";"F"
"Lacey";"F"
"Lacota";"F"
"Lacy";"F"
"Lael";"F"
"Laith";"M"
"Lamar";"M"
"Lana";"F"
"Lance";"M"
"Lane";"M"
"Lani";"F"
"Lara";"F"
"Lareina";"F"
"Larissa";"F"
"Lars";"M"
"Latifah";"F"
"Laura";"F"
"Laurel";"F"
"Lavinia";"F"
"Lawrence";"M"
"Leah";"F"
"Leandra";"F"
"Lee";"F"
"Lee";"M"
"Leigh";"F"
"Leila";"F"
"Leilani";"F"
"Len";"M"
"Lenore";"F"
"Leo";"M"
"Leonard";"M"
"Leroy";"M"
"Lesley";"F"
"Leslie";"F"
"Lester";"M"
"Lev";"M"
"Levi";"M"
"Lewis";"M"
"Libby";"F"
"Liberty";"F"
"Lila";"F"
"Lilah";"F"
"Lillian";"F"
"Lillith";"F"
"Linda";"F"
"Linus";"M"
"Lionel";"M"
"Lisandra";"F"
"Logan";"M"
"Lois";"F"
"Louis";"M"
"Lucas";"M"
"Lucian";"M"
"Lucius";"M"
"Lucy";"F"
"Luke";"M"
"Lunea";"F"
"Lydia";"F"
"Lyle";"M"
"Lynn";"F"
"Lysandra";"F"
"MacKensie";"F"
"MacKenzie";"F"
"Macaulay";"M"
"Macey";"F"
"Macon";"M"
"Macy";"F"
"Madaline";"F"
"Madeline";"F"
"Madeson";"F"
"Madison";"F"
"Madonna";"F"
"Magee";"M"
"Maggie";"F"
"Maggy";"F"
"Maia";"F"
"Maile";"F"
"Maisie";"F"
"Maite";"F"
"Malachi";"M"
"Malcolm";"M"
"Malik";"M"
"Mallory";"F"
"Mannix";"M"
"Mara";"F"
"Marah";"F"
"Marcia";"F"
"Margaret";"F"
"Mari";"F"
"Mariam";"F"
"Mariko";"F"
"Maris";"F"
"Mark";"M"
"Marny";"F"
"Marsden";"M"
"Marshall";"M"
"Martena";"F"
"Martha";"F"
"Martin";"M"
"Martina";"F"
"Marvin";"M"
"Mary";"F"
"Maryam";"F"
"Mason";"M"
"Matthew";"M"
"Maxine";"F"
"Maxwell";"M"
"May";"F"
"Maya";"F"
"McKenzie";"F"
"Mechelle";"F"
"Medge";"F"
"Megan";"F"
"Meghan";"F"
"Melanie";"F"
"Melinda";"F"
"Melissa";"F"
"Melodie";"F"
"Melvin";"M"
"Melyssa";"F"
"Mercedes";"F"
"Meredith";"F"
"Merrill";"M"
"Merritt";"M"
"Mia";"F"
"Micah";"M"
"Michael";"M"
"Michelle";"F"
"Mikayla";"F"
"Minerva";"F"
"Mira";"F"
"Miranda";"F"
"Miriam";"F"
"Moana";"F"
"Mohammad";"M"
"Mollie";"F"
"Molly";"F"
"Mona";"F"
"Montana";"F"
"Morgan";"F"
"Moses";"M"
"Mufutau";"M"
"Murphy";"M"
"Myles";"M"
"Myra";"F"
"Nadine";"F"
"Naida";"F"
"Naomi";"F"
"Nash";"M"
"Nasim";"M"
"Natalie";"F"
"Nathan";"M"
"Nathaniel";"M"
"Nayda";"F"
"Nehru";"M"
"Neil";"M"
"Nell";"F"
"Nelle";"F"
"Nerea";"F"
"Nero";"M"
"Nevada";"F"
"Neve";"F"
"Neville";"M"
"Nicholas";"M"
"Nichole";"F"
"Nicole";"F"
"Nigel";"M"
"Nina";"F"
"Nissim";"M"
"Nita";"F"
"Noah";"M"
"Noble";"M"
"Noel";"F"
"Noelani";"F"
"Noelle";"F"
"Nola";"F"
"Nolan";"M"
"Nomlanga";"F"
"Nora";"F"
"Norman";"M"
"Nyssa";"F"
"Ocean";"F"
"Octavia";"F"
"Octavius";"M"
"Odessa";"F"
"Odette";"F"
"Odysseus";"M"
"Oleg";"M"
"Olga";"F"
"Oliver";"M"
"Olivia";"F"
"Olympia";"F"
"Omar";"M"
"Oprah";"F"
"Ora";"F"
"Oren";"M"
"Ori";"F"
"Orla";"F"
"Orlando";"M"
"Orli";"F"
"Orson";"M"
"Oscar";"M"
"Otto";"M"
"Owen";"M"
"Paki";"M"
"Palmer";"M"
"Paloma";"F"
"Pamela";"F"
"Pandora";"F"
"Pascale";"F"
"Patience";"F"
"Patricia";"F"
"Patrick";"M"
"Paul";"M"
"Paula";"F"
"Pearl";"F"
"Penelope";"F"
"Perry";"M"
"Peter";"M"
"Petra";"F"
"Phelan";"M"
"Philip";"M"
"Phillip";"M"
"Phoebe";"F"
"Phyllis";"F"
"Piper";"F"
"Plato";"M"
"Porter";"M"
"Portia";"F"
"Prescott";"M"
"Preston";"M"
"Price";"M"
"Priscilla";"F"
"Quail";"F"
"Quamar";"M"
"Quemby";"F"
"Quentin";"M"
"Quin";"F"
"Quincy";"B"
"Quinlan";"M"
"Quinn";"F"
"Quinn";"M"
"Quintessa";"F"
"Quon";"F"
"Quyn";"F"
"Quynn";"F"
"Rachel";"F"
"Rae";"F"
"Rafael";"M"
"Rahim";"M"
"Raja";"M"
"Rajah";"M"
"Ralph";"M"
"Rama";"F"
"Ramona";"F"
"Rana";"F"
"Randall";"M"
"Raphael";"M"
"Rashad";"M"
"Raven";"F"
"Ray";"M"
"Raya";"F"
"Raymond";"M"
"Reagan";"F"
"Rebecca";"F"
"Rebekah";"F"
"Reece";"M"
"Reed";"M"
"Reese";"M"
"Regan";"F"
"Regina";"F"
"Remedios";"F"
"Renee";"F"
"Reuben";"M"
"Rhea";"F"
"Rhiannon";"F"
"Rhoda";"F"
"Rhona";"F"
"Rhonda";"F"
"Ria";"F"
"Richard";"M"
"Rigel";"M"
"Riley";"F"
"Rina";"F"
"Rinah";"F"
"Risa";"F"
"Roanna";"F"
"Roary";"F"
"Robert";"M"
"Robin";"F"
"Rogan";"M"
"Ronan";"M"
"Rooney";"M"
"Rosalyn";"F"
"Rose";"F"
"Ross";"M"
"Roth";"M"
"Rowan";"F"
"Ruby";"F"
"Rudyard";"M"
"Russell";"M"
"Ruth";"F"
"Ryan";"M"
"Ryder";"M"
"Rylee";"F"
"Sacha";"F"
"Sade";"F"
"Sage";"F"
"Salvador";"M"
"Samantha";"F"
"Samson";"M"
"Samuel";"M"
"Sandra";"F"
"Sara";"F"
"Sarah";"F"
"Sasha";"F"
"Savannah";"F"
"Sawyer";"M"
"Scarlet";"F"
"Scarlett";"F"
"Scott";"M"
"Sean";"M"
"Sebastian";"M"
"Selma";"F"
"September";"F"
"Serena";"F"
"Serina";"F"
"Seth";"M"
"Shad";"M"
"Shaeleigh";"F"
"Shafira";"F"
"Shaine";"F"
"Shana";"F"
"Shannon";"F"
"Sharon";"F"
"Shay";"F"
"Shea";"F"
"Sheila";"F"
"Shelby";"F"
"Shelley";"F"
"Shellie";"F"
"Shelly";"F"
"Shoshana";"F"
"Sierra";"F"
"Signe";"F"
"Sigourney";"F"
"Silas";"M"
"Simon";"M"
"Simone";"F"
"Skyler";"F"
"Slade";"M"
"Sloane";"B"
"Solomon";"M"
"Sonia";"F"
"Sonya";"F"
"Sophia";"F"
"Sopoline";"F"
"Stacey";"F"
"Stacy";"F"
"Steel";"M"
"Stella";"F"
"Stephanie";"F"
"Stephen";"M"
"Steven";"M"
"Stewart";"M"
"Stone";"M"
"Stuart";"M"
"Suki";"F"
"Summer";"F"
"Susan";"F"
"Sybil";"F"
"Sybill";"F"
"Sydnee";"F"
"Sydney";"F"
"Sylvester";"M"
"Sylvia";"F"
"TaShya";"F"
"Tad";"M"
"Tallulah";"F"
"Talon";"M"
"Tamara";"F"
"Tamekah";"F"
"Tana";"F"
"Tanek";"M"
"Tanisha";"F"
"Tanner";"M"
"Tanya";"F"
"Tara";"F"
"Tarik";"M"
"Tasha";"F"
"Tashya";"F"
"Tate";"M"
"Tatiana";"F"
"Tatum";"F"
"Tatyana";"F"
"Taylor";"B"
"Teagan";"F"
"Teegan";"F"
"Thaddeus";"M"
"Thane";"M"
"Theodore";"M"
"Thomas";"M"
"Thor";"M"
"Tiger";"M"
"Timon";"M"
"Timothy";"M"
"Tobias";"M"
"Todd";"M"
"Travis";"M"
"Trevor";"M"
"Troy";"M"
"Tucker";"M"
"Tyler";"M"
"Tyrone";"M"
"Ulla";"F"
"Ulric";"M"
"Ulysses";"M"
"Uma";"F"
"Unity";"F"
"Upton";"M"
"Uriah";"M"
"Uriel";"M"
"Urielle";"F"
"Ursa";"F"
"Ursula";"F"
"Uta";"F"
"Valentine";"M"
"Vance";"M"
"Vanna";"F"
"Vaughan";"M"
"Veda";"F"
"Velma";"F"
"Venus";"F"
"Vera";"F"
"Vernon";"M"
"Veronica";"F"
"Victor";"M"
"Victoria";"F"
"Vielka";"F"
"Vincent";"M"
"Violet";"F"
"Virginia";"F"
"Vivian";"F"
"Vivien";"F"
"Vladimir";"M"
"Wade";"M"
"Walker";"M"
"Wallace";"M"
"Walter";"M"
"Wanda";"F"
"Wang";"M"
"Warren";"M"
"Wayne";"M"
"Wendy";"F"
"Wesley";"M"
"Whilemina";"F"
"Whitney";"F"
"Whoopi";"F"
"Willa";"F"
"William";"M"
"Willow";"F"
"Wilma";"F"
"Wing";"M"
"Winifred";"F"
"Winter";"F"
"Wyatt";"M"
"Wylie";"M"
"Wynne";"F"
"Wynter";"F"
"Wyoming";"F"
"Xander";"M"
"Xandra";"F"
"Xantha";"F"
"Xanthus";"M"
"Xavier";"M"
"Xaviera";"F"
"Xena";"F"
"Xenos";"M"
"Xerxes";"B"
"Xyla";"F"
"Yael";"F"
"Yardley";"M"
"Yasir";"M"
"Yen";"F"
"Yeo";"F"
"Yetta";"F"
"Yoko";"F"
"Yolanda";"F"
"Yoshi";"F"
"Yoshio";"M"
"Yuli";"M"
"Yuri";"F"
"Yvette";"F"
"Yvonne";"F"
"Zachary";"M"
"Zachery";"M"
"Zahir";"M"
"Zane";"M"
"Zelda";"F"
"Zelenia";"F"
"Zena";"F"
"Zenaida";"F"
"Zenia";"F"
"Zeph";"M"
"Zephania";"M"
"Zephr";"F"
"Zeus";"M"
"Zia";"F"
"Zoe";"F"
"Zorita";"F"
"acqueline";"F"
